"{""created_at""=>""Thu Apr 28 16:18:43 +0000 2016"", ""id""=>725720913728131072, ""id_str""=>""725720913728131072"", ""text""=>""I'm at @Starbucks Coffee in Matteson, IL "", ""source""=>""<a href=\""http://foursquare.com\"" rel=\""nofollow\"">Foursquare</a>"", ""truncated""=>false, ""in_reply_to_status_id""=>nil, ""in_reply_to_status_id_str""=>nil, ""in_reply_to_user_id""=>nil, ""in_reply_to_user_id_str""=>nil, ""in_reply_to_screen_name""=>nil, ""user""=>{""id""=>18958716, ""id_str""=>""18958716"", ""name""=>""erikafrose"", ""screen_name""=>""erikafrose"", ""location""=>""a messy house"", ""url""=>""http://about.me/erikafrose"", ""description""=>""a mom. a wife. Gamergirl. writer. #Amwriting #amwritingfantasy #amwritingromance #amediting"", ""protected""=>false, ""verified""=>false, ""followers_count""=>749, ""friends_count""=>725, ""listed_count""=>37, ""favourites_count""=>1019, ""statuses_count""=>11682, ""created_at""=>""Tue Jan 13 23:36:28 +0000 2009"", ""utc_offset""=>-18000, ""time_zone""=>""Central Time (US & Canada)"", ""geo_enabled""=>true, ""lang""=>""en"", ""contributors_enabled""=>false, ""is_translator""=>false, ""profile_background_color""=>""C6E2EE"", ""profile_background_image_url""=>""http://pbs.twimg.com/profile_background_images/415989080/bg-wrapper.jpg"", ""profile_background_image_url_https""=>""https://pbs.twimg.com/profile_background_images/415989080/bg-wrapper.jpg"", ""profile_background_tile""=>false, ""profile_link_color""=>""ABB8C2"", ""profile_sidebar_border_color""=>""C6E2EE"", ""profile_sidebar_fill_color""=>""DAECF4"", ""profile_text_color""=>""663B12"", ""profile_use_background_image""=>true, ""profile_image_url""=>""http://pbs.twimg.com/profile_images/637391778723794944/SzwBCqpl_normal.jpg"", ""profile_image_url_https""=>""https://pbs.twimg.com/profile_images/637391778723794944/SzwBCqpl_normal.jpg"", ""profile_banner_url""=>""https://pbs.twimg.com/profile_banners/18958716/1459463742"", ""default_profile""=>false, ""default_profile_image""=>false, ""following""=>nil, ""follow_request_sent""=>nil, ""notifications""=>nil}, ""geo""=>{""type""=>""Point"", ""coordinates""=>[41.50666863, -87.7332077]}, ""coordinates""=>{""type""=>""Point"", ""coordinates""=>[-87.7332077, 41.50666863]}, ""place""=>{""id""=>""5bdca5ea70b98771"", ""url""=>""https://api.twitter.com/1.1/geo/id/5bdca5ea70b98771.json"", ""place_type""=>""city"", ""name""=>""Matteson"", ""full_name""=>""Matteson, IL"", ""country_code""=>""US"", ""country""=>""United States"", ""bounding_box""=>{""type""=>""Polygon"", ""coordinates""=>[[[-87.79136, 41.491202], [-87.79136, 41.528476], [-87.690665, 41.528476], [-87.690665, 41.491202]]]}, ""attributes""=>{}}, ""contributors""=>nil, ""is_quote_status""=>false, ""retweet_count""=>0, ""favorite_count""=>0, ""entities""=>{""hashtags""=>[], ""urls""=>[{""url""=>""https://t.co/NEDTwlhmgw"", ""expanded_url""=>""https://www.swarmapp.com/c/3oQEu6muMGb"", ""display_url""=>""swarmapp.com/c/3oQEu6muMGb"", ""indices""=>[41, 64]}], ""user_mentions""=>[{""screen_name""=>""Starbucks"", ""name""=>""Starbucks Coffee"", ""id""=>30973, ""id_str""=>""30973"", ""indices""=>[7, 17]}], ""symbols""=>[]}, ""favorited""=>false, ""retweeted""=>false, ""possibly_sensitive""=>false, ""filter_level""=>""low"", ""lang""=>""en"", ""timestamp_ms""=>""1461860323732"", ""venue_name""=>""@Starbucks Coffee""}"
"{""created_at""=>""Thu May 05 21:07:09 +0000 2016"", ""id""=>728330213877284864, ""id_str""=>""728330213877284864"", ""text""=>""I'm at Swiss Air Lounge - @fly_swiss in Chicago, IL "", ""source""=>""<a href=\""http://foursquare.com\"" rel=\""nofollow\"">Foursquare</a>"", ""truncated""=>false, ""in_reply_to_status_id""=>nil, ""in_reply_to_status_id_str""=>nil, ""in_reply_to_user_id""=>nil, ""in_reply_to_user_id_str""=>nil, ""in_reply_to_screen_name""=>nil, ""user""=>{""id""=>18248288, ""id_str""=>""18248288"", ""name""=>""Scott Ramin"", ""screen_name""=>""scott6067"", ""location""=>""Milbrae, CA"", ""url""=>nil, ""description""=>nil, ""protected""=>false, ""verified""=>false, ""followers_count""=>214, ""friends_count""=>180, ""listed_count""=>21, ""favourites_count""=>17, ""statuses_count""=>1861, ""created_at""=>""Fri Dec 19 18:54:55 +0000 2008"", ""utc_offset""=>-21600, ""time_zone""=>""Mountain Time (US & Canada)"", ""geo_enabled""=>true, ""lang""=>""en"", ""contributors_enabled""=>false, ""is_translator""=>false, ""profile_background_color""=>""9AE4E8"", ""profile_background_image_url""=>""http://pbs.twimg.com/profile_background_images/7006862/background.jpg"", ""profile_background_image_url_https""=>""https://pbs.twimg.com/profile_background_images/7006862/background.jpg"", ""profile_background_tile""=>false, ""profile_link_color""=>""0084B4"", ""profile_sidebar_border_color""=>""BDDCAD"", ""profile_sidebar_fill_color""=>""DDFFCC"", ""profile_text_color""=>""333333"", ""profile_use_background_image""=>true, ""profile_image_url""=>""http://pbs.twimg.com/profile_images/114118117/scott_in_Cockpit_normal.jpg"", ""profile_image_url_https""=>""https://pbs.twimg.com/profile_images/114118117/scott_in_Cockpit_normal.jpg"", ""default_profile""=>false, ""default_profile_image""=>false, ""following""=>nil, ""follow_request_sent""=>nil, ""notifications""=>nil}, ""geo""=>{""type""=>""Point"", ""coordinates""=>[41.9747425, -87.89096832]}, ""coordinates""=>{""type""=>""Point"", ""coordinates""=>[-87.89096832, 41.9747425]}, ""place""=>{""id""=>""1d9a5370a355ab0c"", ""url""=>""https://api.twitter.com/1.1/geo/id/1d9a5370a355ab0c.json"", ""place_type""=>""city"", ""name""=>""Chicago"", ""full_name""=>""Chicago, IL"", ""country_code""=>""US"", ""country""=>""United States"", ""bounding_box""=>{""type""=>""Polygon"", ""coordinates""=>[[[-87.940033, 41.644102], [-87.940033, 42.023067], [-87.523993, 42.023067], [-87.523993, 41.644102]]]}, ""attributes""=>{}}, ""contributors""=>nil, ""is_quote_status""=>false, ""retweet_count""=>0, ""favorite_count""=>0, ""entities""=>{""hashtags""=>[], ""urls""=>[{""url""=>""https://t.co/LnuTzzxIUf"", ""expanded_url""=>""https://www.swarmapp.com/c/05PyKMlGEjS"", ""display_url""=>""swarmapp.com/c/05PyKMlGEjS"", ""indices""=>[52, 75]}], ""user_mentions""=>[], ""symbols""=>[]}, ""favorited""=>false, ""retweeted""=>false, ""possibly_sensitive""=>false, ""filter_level""=>""low"", ""lang""=>""en"", ""timestamp_ms""=>""1462482429366"", ""venue_name""=>""Swiss Air Lounge - @fly_swiss""}"
"{""created_at""=>""Thu May 05 21:07:20 +0000 2016"", ""id""=>728330259486117888, ""id_str""=>""728330259486117888"", ""text""=>""I'm at Glenmar Liquor in Burbank, CA "", ""source""=>""<a href=\""http://foursquare.com\"" rel=\""nofollow\"">Foursquare</a>"", ""truncated""=>false, ""in_reply_to_status_id""=>nil, ""in_reply_to_status_id_str""=>nil, ""in_reply_to_user_id""=>nil, ""in_reply_to_user_id_str""=>nil, ""in_reply_to_screen_name""=>nil, ""user""=>{""id""=>15868593, ""id_str""=>""15868593"", ""name""=>""CamiloJ"", ""screen_name""=>""camiloj"", ""location""=>""ÜT: 34.205592,-118.343411"", ""url""=>""https://medium.com/@camilopost"", ""description""=>""I blog about politics (I'm a Dem though), alternative music, movies, & TV, and I love taking photos. My rants, check-ins, and Instagram photos will end up here."", ""protected""=>false, ""verified""=>false, ""followers_count""=>608, ""friends_count""=>688, ""listed_count""=>29, ""favourites_count""=>80, ""statuses_count""=>18706, ""created_at""=>""Fri Aug 15 22:54:52 +0000 2008"", ""utc_offset""=>-25200, ""time_zone""=>""Pacific Time (US & Canada)"", ""geo_enabled""=>true, ""lang""=>""en"", ""contributors_enabled""=>false, ""is_translator""=>false, ""profile_background_color""=>""C0DEED"", ""profile_background_image_url""=>""http://abs.twimg.com/images/themes/theme1/bg.png"", ""profile_background_image_url_https""=>""https://abs.twimg.com/images/themes/theme1/bg.png"", ""profile_background_tile""=>false, ""profile_link_color""=>""0084B4"", ""profile_sidebar_border_color""=>""C0DEED"", ""profile_sidebar_fill_color""=>""DDEEF6"", ""profile_text_color""=>""333333"", ""profile_use_background_image""=>true, ""profile_image_url""=>""http://pbs.twimg.com/profile_images/578716017343361024/2sVw0435_normal.jpeg"", ""profile_image_url_https""=>""https://pbs.twimg.com/profile_images/578716017343361024/2sVw0435_normal.jpeg"", ""profile_banner_url""=>""https://pbs.twimg.com/profile_banners/15868593/1426811712"", ""default_profile""=>true, ""default_profile_image""=>false, ""following""=>nil, ""follow_request_sent""=>nil, ""notifications""=>nil}, ""geo""=>{""type""=>""Point"", ""coordinates""=>[34.19725034, -118.32522242]}, ""coordinates""=>{""type""=>""Point"", ""coordinates""=>[-118.32522242, 34.19725034]}, ""place""=>{""id""=>""b0b79caecef59fb5"", ""url""=>""https://api.twitter.com/1.1/geo/id/b0b79caecef59fb5.json"", ""place_type""=>""city"", ""name""=>""Burbank"", ""full_name""=>""Burbank, CA"", ""country_code""=>""US"", ""country""=>""United States"", ""bounding_box""=>{""type""=>""Polygon"", ""coordinates""=>[[[-118.37032, 34.14263], [-118.37032, 34.22169], [-118.27997, 34.22169], [-118.27997, 34.14263]]]}, ""attributes""=>{}}, ""contributors""=>nil, ""is_quote_status""=>false, ""retweet_count""=>0, ""favorite_count""=>0, ""entities""=>{""hashtags""=>[], ""urls""=>[{""url""=>""https://t.co/p8zkdVOhIM"", ""expanded_url""=>""https://www.swarmapp.com/c/1Whjbdj5xNy"", ""display_url""=>""swarmapp.com/c/1Whjbdj5xNy"", ""indices""=>[37, 60]}], ""user_mentions""=>[], ""symbols""=>[]}, ""favorited""=>false, ""retweeted""=>false, ""possibly_sensitive""=>false, ""filter_level""=>""low"", ""lang""=>""en"", ""timestamp_ms""=>""1462482440240"", ""venue_name""=>""Glenmar Liquor""}"
"{""created_at""=>""Thu May 05 21:07:46 +0000 2016"", ""id""=>728330369934761985, ""id_str""=>""728330369934761985"", ""text""=>""I'm at La Mancha Tex Mex Tavern in Austin, TX "", ""source""=>""<a href=\""http://foursquare.com\"" rel=\""nofollow\"">Foursquare</a>"", ""truncated""=>false, ""in_reply_to_status_id""=>nil, ""in_reply_to_status_id_str""=>nil, ""in_reply_to_user_id""=>nil, ""in_reply_to_user_id_str""=>nil, ""in_reply_to_screen_name""=>nil, ""user""=>{""id""=>23635392, ""id_str""=>""23635392"", ""name""=>""Ξ D W ▽ Я D"", ""screen_name""=>""EdwardCortez"", ""location""=>""AU$TIN, TEXAS"", ""url""=>""http://itsedwardsworld.tumblr.com/"", ""description""=>""I Want To Turn The Whole World On, Just For a Moment...If Only For a Moment. ♑ Host | †v Personality & Actor | Booking Info Email: BookEdwardNow@gmail.com"", ""protected""=>false, ""verified""=>false, ""followers_count""=>1065, ""friends_count""=>1138, ""listed_count""=>14, ""favourites_count""=>4224, ""statuses_count""=>15156, ""created_at""=>""Tue Mar 10 19:11:04 +0000 2009"", ""utc_offset""=>-18000, ""time_zone""=>""Central Time (US & Canada)"", ""geo_enabled""=>true, ""lang""=>""en"", ""contributors_enabled""=>false, ""is_translator""=>false, ""profile_background_color""=>""1A1B1F"", ""profile_background_image_url""=>""http://pbs.twimg.com/profile_background_images/52089708/EDIE_COUCH_POP.jpg"", ""profile_background_image_url_https""=>""https://pbs.twimg.com/profile_background_images/52089708/EDIE_COUCH_POP.jpg"", ""profile_background_tile""=>true, ""profile_link_color""=>""2FC2EF"", ""profile_sidebar_border_color""=>""000000"", ""profile_sidebar_fill_color""=>""252429"", ""profile_text_color""=>""666666"", ""profile_use_background_image""=>true, ""profile_image_url""=>""http://pbs.twimg.com/profile_images/554614608959262720/0Hk1yRPh_normal.jpeg"", ""profile_image_url_https""=>""https://pbs.twimg.com/profile_images/554614608959262720/0Hk1yRPh_normal.jpeg"", ""profile_banner_url""=>""https://pbs.twimg.com/profile_banners/23635392/1413154161"", ""default_profile""=>false, ""default_profile_image""=>false, ""following""=>nil, ""follow_request_sent""=>nil, ""notifications""=>nil}, ""geo""=>{""type""=>""Point"", ""coordinates""=>[30.32252587, -97.74079233]}, ""coordinates""=>{""type""=>""Point"", ""coordinates""=>[-97.74079233, 30.32252587]}, ""place""=>{""id""=>""c3f37afa9efcf94b"", ""url""=>""https://api.twitter.com/1.1/geo/id/c3f37afa9efcf94b.json"", ""place_type""=>""city"", ""name""=>""Austin"", ""full_name""=>""Austin, TX"", ""country_code""=>""US"", ""country""=>""United States"", ""bounding_box""=>{""type""=>""Polygon"", ""coordinates""=>[[[-97.928935, 30.127892], [-97.928935, 30.518799], [-97.580513, 30.518799], [-97.580513, 30.127892]]]}, ""attributes""=>{}}, ""contributors""=>nil, ""is_quote_status""=>false, ""retweet_count""=>0, ""favorite_count""=>0, ""entities""=>{""hashtags""=>[], ""urls""=>[{""url""=>""https://t.co/VDi2DMuxVi"", ""expanded_url""=>""https://www.swarmapp.com/c/asqlyJJdCjS"", ""display_url""=>""swarmapp.com/c/asqlyJJdCjS"", ""indices""=>[46, 69]}], ""user_mentions""=>[], ""symbols""=>[]}, ""favorited""=>false, ""retweeted""=>false, ""possibly_sensitive""=>false, ""filter_level""=>""low"", ""lang""=>""en"", ""timestamp_ms""=>""1462482466573"", ""venue_name""=>""La Mancha Tex Mex Tavern""}"
"{""created_at""=>""Thu May 05 21:08:25 +0000 2016"", ""id""=>728330535173509122, ""id_str""=>""728330535173509122"", ""text""=>""I'm at High School for Health Professions &amp; Human Services in New York, NY "", ""source""=>""<a href=\""http://foursquare.com\"" rel=\""nofollow\"">Foursquare</a>"", ""truncated""=>false, ""in_reply_to_status_id""=>nil, ""in_reply_to_status_id_str""=>nil, ""in_reply_to_user_id""=>nil, ""in_reply_to_user_id_str""=>nil, ""in_reply_to_screen_name""=>nil, ""user""=>{""id""=>2161458480, ""id_str""=>""2161458480"", ""name""=>""Phoebe"", ""screen_name""=>""PheebKingslayer"", ""location""=>""NYC"", ""url""=>nil, ""description""=>""YOU KNOW NOTHING, JON SNOW."", ""protected""=>false, ""verified""=>false, ""followers_count""=>272, ""friends_count""=>766, ""listed_count""=>16, ""favourites_count""=>1185, ""statuses_count""=>5138, ""created_at""=>""Mon Oct 28 19:13:26 +0000 2013"", ""utc_offset""=>-10800, ""time_zone""=>""Atlantic Time (Canada)"", ""geo_enabled""=>true, ""lang""=>""en"", ""contributors_enabled""=>false, ""is_translator""=>false, ""profile_background_color""=>""C0DEED"", ""profile_background_image_url""=>""http://pbs.twimg.com/profile_background_images/378800000161255673/tETSyVM7.jpeg"", ""profile_background_image_url_https""=>""https://pbs.twimg.com/profile_background_images/378800000161255673/tETSyVM7.jpeg"", ""profile_background_tile""=>false, ""profile_link_color""=>""0084B4"", ""profile_sidebar_border_color""=>""FFFFFF"", ""profile_sidebar_fill_color""=>""DDEEF6"", ""profile_text_color""=>""333333"", ""profile_use_background_image""=>true, ""profile_image_url""=>""http://pbs.twimg.com/profile_images/378800000661423613/bf03b70feb0315fcdb3772f899eaa838_normal.jpeg"", ""profile_image_url_https""=>""https://pbs.twimg.com/profile_images/378800000661423613/bf03b70feb0315fcdb3772f899eaa838_normal.jpeg"", ""profile_banner_url""=>""https://pbs.twimg.com/profile_banners/2161458480/1449723624"", ""default_profile""=>false, ""default_profile_image""=>false, ""following""=>nil, ""follow_request_sent""=>nil, ""notifications""=>nil}, ""geo""=>{""type""=>""Point"", ""coordinates""=>[40.73230428, -73.98255241]}, ""coordinates""=>{""type""=>""Point"", ""coordinates""=>[-73.98255241, 40.73230428]}, ""place""=>{""id""=>""01a9a39529b27f36"", ""url""=>""https://api.twitter.com/1.1/geo/id/01a9a39529b27f36.json"", ""place_type""=>""city"", ""name""=>""Manhattan"", ""full_name""=>""Manhattan, NY"", ""country_code""=>""US"", ""country""=>""United States"", ""bounding_box""=>{""type""=>""Polygon"", ""coordinates""=>[[[-74.026675, 40.683935], [-74.026675, 40.877483], [-73.910408, 40.877483], [-73.910408, 40.683935]]]}, ""attributes""=>{}}, ""contributors""=>nil, ""is_quote_status""=>false, ""retweet_count""=>0, ""favorite_count""=>0, ""entities""=>{""hashtags""=>[], ""urls""=>[{""url""=>""https://t.co/9J9whK2t3B"", ""expanded_url""=>""https://www.swarmapp.com/c/c7PvyD0uj7X"", ""display_url""=>""swarmapp.com/c/c7PvyD0uj7X"", ""indices""=>[79, 102]}], ""user_mentions""=>[], ""symbols""=>[]}, ""favorited""=>false, ""retweeted""=>false, ""possibly_sensitive""=>false, ""filter_level""=>""low"", ""lang""=>""en"", ""timestamp_ms""=>""1462482505969"", ""venue_name""=>""High School for Health Professions &amp; Human Services""}"
"{""created_at""=>""Thu May 05 21:08:52 +0000 2016"", ""id""=>728330646251253761, ""id_str""=>""728330646251253761"", ""text""=>""I'm at @Walgreens in Rosedale, NY "", ""source""=>""<a href=\""http://foursquare.com\"" rel=\""nofollow\"">Foursquare</a>"", ""truncated""=>false, ""in_reply_to_status_id""=>nil, ""in_reply_to_status_id_str""=>nil, ""in_reply_to_user_id""=>nil, ""in_reply_to_user_id_str""=>nil, ""in_reply_to_screen_name""=>nil, ""user""=>{""id""=>15616827, ""id_str""=>""15616827"", ""name""=>""Karina"", ""screen_name""=>""miszrina"", ""location""=>""Queens, NY"", ""url""=>nil, ""description""=>""Dominican | Sagittarius ♐| Nov. 22nd | DVNY 2016  | @AvonRep_Karina is my other twitter IG: miszrina My Dominicans be the baddest ones ;)"", ""protected""=>false, ""verified""=>false, ""followers_count""=>574, ""friends_count""=>734, ""listed_count""=>14, ""favourites_count""=>365, ""statuses_count""=>111478, ""created_at""=>""Sun Jul 27 02:53:08 +0000 2008"", ""utc_offset""=>-14400, ""time_zone""=>""Eastern Time (US & Canada)"", ""geo_enabled""=>true, ""lang""=>""en"", ""contributors_enabled""=>false, ""is_translator""=>false, ""profile_background_color""=>""1A1B1F"", ""profile_background_image_url""=>""http://pbs.twimg.com/profile_background_images/774185864/8c0cffe0e8ce53783052ffb977064b12.jpeg"", ""profile_background_image_url_https""=>""https://pbs.twimg.com/profile_background_images/774185864/8c0cffe0e8ce53783052ffb977064b12.jpeg"", ""profile_background_tile""=>false, ""profile_link_color""=>""1A1B1F"", ""profile_sidebar_border_color""=>""FFFFFF"", ""profile_sidebar_fill_color""=>""FF6EC0"", ""profile_text_color""=>""050505"", ""profile_use_background_image""=>true, ""profile_image_url""=>""http://pbs.twimg.com/profile_images/676509775698526209/ijCvUwl4_normal.jpg"", ""profile_image_url_https""=>""https://pbs.twimg.com/profile_images/676509775698526209/ijCvUwl4_normal.jpg"", ""profile_banner_url""=>""https://pbs.twimg.com/profile_banners/15616827/1436547619"", ""default_profile""=>false, ""default_profile_image""=>false, ""following""=>nil, ""follow_request_sent""=>nil, ""notifications""=>nil}, ""geo""=>{""type""=>""Point"", ""coordinates""=>[40.66083117, -73.73927853]}, ""coordinates""=>{""type""=>""Point"", ""coordinates""=>[-73.73927853, 40.66083117]}, ""place""=>{""id""=>""00c39537733fa112"", ""url""=>""https://api.twitter.com/1.1/geo/id/00c39537733fa112.json"", ""place_type""=>""city"", ""name""=>""Queens"", ""full_name""=>""Queens, NY"", ""country_code""=>""US"", ""country""=>""United States"", ""bounding_box""=>{""type""=>""Polygon"", ""coordinates""=>[[[-73.962582, 40.541722], [-73.962582, 40.800037], [-73.699793, 40.800037], [-73.699793, 40.541722]]]}, ""attributes""=>{}}, ""contributors""=>nil, ""is_quote_status""=>false, ""retweet_count""=>0, ""favorite_count""=>0, ""entities""=>{""hashtags""=>[], ""urls""=>[{""url""=>""https://t.co/qlRK5kK6q0"", ""expanded_url""=>""https://www.swarmapp.com/c/4QO8WKT6g1d"", ""display_url""=>""swarmapp.com/c/4QO8WKT6g1d"", ""indices""=>[34, 57]}], ""user_mentions""=>[{""screen_name""=>""Walgreens"", ""name""=>""Walgreens"", ""id""=>46177695, ""id_str""=>""46177695"", ""indices""=>[7, 17]}], ""symbols""=>[]}, ""favorited""=>false, ""retweeted""=>false, ""possibly_sensitive""=>false, ""filter_level""=>""low"", ""lang""=>""en"", ""timestamp_ms""=>""1462482532452"", ""venue_name""=>""@Walgreens""}"
"{""created_at""=>""Thu May 05 21:09:50 +0000 2016"", ""id""=>728330890221256704, ""id_str""=>""728330890221256704"", ""text""=>""I'm at near ripping people's heads off at this job, but here at a record of past 2 years. Can I stay till the perfect moment without murder?"", ""source""=>""<a href=\""http://twitter.com/download/iphone\"" rel=\""nofollow\"">Twitter for iPhone</a>"", ""truncated""=>false, ""in_reply_to_status_id""=>nil, ""in_reply_to_status_id_str""=>nil, ""in_reply_to_user_id""=>nil, ""in_reply_to_user_id_str""=>nil, ""in_reply_to_screen_name""=>nil, ""user""=>{""id""=>193806793, ""id_str""=>""193806793"", ""name""=>""Alexia Ocean"", ""screen_name""=>""alexiaocean"", ""location""=>""traveling endlessly"", ""url""=>nil, ""description""=>""free-spirit, traveler, bad beeatch, fighter, beach, surf, rage, champagne, fun, Italian-blooded Latina. My life is for rent."", ""protected""=>false, ""verified""=>false, ""followers_count""=>86, ""friends_count""=>125, ""listed_count""=>3, ""favourites_count""=>915, ""statuses_count""=>6742, ""created_at""=>""Wed Sep 22 18:31:30 +0000 2010"", ""utc_offset""=>-25200, ""time_zone""=>""Pacific Time (US & Canada)"", ""geo_enabled""=>true, ""lang""=>""en"", ""contributors_enabled""=>false, ""is_translator""=>false, ""profile_background_color""=>""07090B"", ""profile_background_image_url""=>""http://pbs.twimg.com/profile_background_images/345693193/xf4c9d045f4a837f7240ae80d73547da.png"", ""profile_background_image_url_https""=>""https://pbs.twimg.com/profile_background_images/345693193/xf4c9d045f4a837f7240ae80d73547da.png"", ""profile_background_tile""=>true, ""profile_link_color""=>""C34242"", ""profile_sidebar_border_color""=>""BFBFBF"", ""profile_sidebar_fill_color""=>""C9C9C9"", ""profile_text_color""=>""1C1F23"", ""profile_use_background_image""=>true, ""profile_image_url""=>""http://pbs.twimg.com/profile_images/378800000076969377/477b27c60f745f7a3404f2b06b51eddd_normal.jpeg"", ""profile_image_url_https""=>""https://pbs.twimg.com/profile_images/378800000076969377/477b27c60f745f7a3404f2b06b51eddd_normal.jpeg"", ""profile_banner_url""=>""https://pbs.twimg.com/profile_banners/193806793/1372757053"", ""default_profile""=>false, ""default_profile_image""=>false, ""following""=>nil, ""follow_request_sent""=>nil, ""notifications""=>nil}, ""geo""=>nil, ""coordinates""=>nil, ""place""=>{""id""=>""3b77caf94bfc81fe"", ""url""=>""https://api.twitter.com/1.1/geo/id/3b77caf94bfc81fe.json"", ""place_type""=>""city"", ""name""=>""Los Angeles"", ""full_name""=>""Los Angeles, CA"", ""country_code""=>""US"", ""country""=>""United States"", ""bounding_box""=>{""type""=>""Polygon"", ""coordinates""=>[[[-118.668404, 33.704538], [-118.668404, 34.337041], [-118.155409, 34.337041], [-118.155409, 33.704538]]]}, ""attributes""=>{}}, ""contributors""=>nil, ""is_quote_status""=>false, ""retweet_count""=>0, ""favorite_count""=>0, ""entities""=>{""hashtags""=>[], ""urls""=>[], ""user_mentions""=>[], ""symbols""=>[]}, ""favorited""=>false, ""retweeted""=>false, ""filter_level""=>""low"", ""lang""=>""en"", ""timestamp_ms""=>""1462482590619""}"
"{""created_at""=>""Thu May 05 21:10:34 +0000 2016"", ""id""=>728331073747324929, ""id_str""=>""728331073747324929"", ""text""=>""I'm at The Clare in Chicago, IL "", ""source""=>""<a href=\""http://foursquare.com\"" rel=\""nofollow\"">Foursquare</a>"", ""truncated""=>false, ""in_reply_to_status_id""=>nil, ""in_reply_to_status_id_str""=>nil, ""in_reply_to_user_id""=>nil, ""in_reply_to_user_id_str""=>nil, ""in_reply_to_screen_name""=>nil, ""user""=>{""id""=>35785552, ""id_str""=>""35785552"", ""name""=>""Noel Harari"", ""screen_name""=>""djsoapbubble"", ""location""=>""Chicago"", ""url""=>nil, ""description""=>""Studying Psychology at Roosevelt University in Chicago, IL. Fervent believer in equality for every human being."", ""protected""=>false, ""verified""=>false, ""followers_count""=>903, ""friends_count""=>802, ""listed_count""=>26, ""favourites_count""=>58, ""statuses_count""=>17691, ""created_at""=>""Mon Apr 27 16:30:16 +0000 2009"", ""utc_offset""=>-18000, ""time_zone""=>""Quito"", ""geo_enabled""=>true, ""lang""=>""en"", ""contributors_enabled""=>false, ""is_translator""=>false, ""profile_background_color""=>""022330"", ""profile_background_image_url""=>""http://abs.twimg.com/images/themes/theme15/bg.png"", ""profile_background_image_url_https""=>""https://abs.twimg.com/images/themes/theme15/bg.png"", ""profile_background_tile""=>false, ""profile_link_color""=>""00B300"", ""profile_sidebar_border_color""=>""A8C7F7"", ""profile_sidebar_fill_color""=>""C0DFEC"", ""profile_text_color""=>""333333"", ""profile_use_background_image""=>true, ""profile_image_url""=>""http://pbs.twimg.com/profile_images/476849662444310528/X8WGVVRk_normal.jpeg"", ""profile_image_url_https""=>""https://pbs.twimg.com/profile_images/476849662444310528/X8WGVVRk_normal.jpeg"", ""profile_banner_url""=>""https://pbs.twimg.com/profile_banners/35785552/1404912455"", ""default_profile""=>false, ""default_profile_image""=>false, ""following""=>nil, ""follow_request_sent""=>nil, ""notifications""=>nil}, ""geo""=>{""type""=>""Point"", ""coordinates""=>[41.89720274, -87.62590473]}, ""coordinates""=>{""type""=>""Point"", ""coordinates""=>[-87.62590473, 41.89720274]}, ""place""=>{""id""=>""1d9a5370a355ab0c"", ""url""=>""https://api.twitter.com/1.1/geo/id/1d9a5370a355ab0c.json"", ""place_type""=>""city"", ""name""=>""Chicago"", ""full_name""=>""Chicago, IL"", ""country_code""=>""US"", ""country""=>""United States"", ""bounding_box""=>{""type""=>""Polygon"", ""coordinates""=>[[[-87.940033, 41.644102], [-87.940033, 42.023067], [-87.523993, 42.023067], [-87.523993, 41.644102]]]}, ""attributes""=>{}}, ""contributors""=>nil, ""is_quote_status""=>false, ""retweet_count""=>0, ""favorite_count""=>0, ""entities""=>{""hashtags""=>[], ""urls""=>[{""url""=>""https://t.co/e3MttaO2Vf"", ""expanded_url""=>""https://www.swarmapp.com/c/cj7stvsS3x7"", ""display_url""=>""swarmapp.com/c/cj7stvsS3x7"", ""indices""=>[32, 55]}], ""user_mentions""=>[], ""symbols""=>[]}, ""favorited""=>false, ""retweeted""=>false, ""possibly_sensitive""=>false, ""filter_level""=>""low"", ""lang""=>""en"", ""timestamp_ms""=>""1462482634375"", ""venue_name""=>""The Clare""}"
"{""created_at""=>""Thu May 05 21:11:49 +0000 2016"", ""id""=>728331390186590208, ""id_str""=>""728331390186590208"", ""text""=>""I'm at Bubba Gump Shrimp Co. - @bubbagumpco in Santa Monica, CA w/ @perronicrl "", ""source""=>""<a href=\""http://foursquare.com\"" rel=\""nofollow\"">Foursquare</a>"", ""truncated""=>false, ""in_reply_to_status_id""=>nil, ""in_reply_to_status_id_str""=>nil, ""in_reply_to_user_id""=>nil, ""in_reply_to_user_id_str""=>nil, ""in_reply_to_screen_name""=>nil, ""user""=>{""id""=>110239078, ""id_str""=>""110239078"", ""name""=>""Jorge Junior"", ""screen_name""=>""um_trintao"", ""location""=>""São Paulo, Brasil"", ""url""=>""http://www.instagram.com/jorge.gram"", ""description""=>""The rythm of the night. Señor Director do @temperodrag http://tempero.tv.br"", ""protected""=>false, ""verified""=>false, ""followers_count""=>432, ""friends_count""=>629, ""listed_count""=>6, ""favourites_count""=>4752, ""statuses_count""=>10371, ""created_at""=>""Sun Jan 31 21:24:22 +0000 2010"", ""utc_offset""=>-7200, ""time_zone""=>""Mid-Atlantic"", ""geo_enabled""=>true, ""lang""=>""pt"", ""contributors_enabled""=>false, ""is_translator""=>false, ""profile_background_color""=>""131516"", ""profile_background_image_url""=>""http://pbs.twimg.com/profile_background_images/578179283501195264/aV_5EFp6.jpeg"", ""profile_background_image_url_https""=>""https://pbs.twimg.com/profile_background_images/578179283501195264/aV_5EFp6.jpeg"", ""profile_background_tile""=>true, ""profile_link_color""=>""009999"", ""profile_sidebar_border_color""=>""EEEEEE"", ""profile_sidebar_fill_color""=>""EFEFEF"", ""profile_text_color""=>""333333"", ""profile_use_background_image""=>true, ""profile_image_url""=>""http://pbs.twimg.com/profile_images/679134253922258944/zboT4I1q_normal.jpg"", ""profile_image_url_https""=>""https://pbs.twimg.com/profile_images/679134253922258944/zboT4I1q_normal.jpg"", ""profile_banner_url""=>""https://pbs.twimg.com/profile_banners/110239078/1447641937"", ""default_profile""=>false, ""default_profile_image""=>false, ""following""=>nil, ""follow_request_sent""=>nil, ""notifications""=>nil}, ""geo""=>{""type""=>""Point"", ""coordinates""=>[34.00969102, -118.49732461]}, ""coordinates""=>{""type""=>""Point"", ""coordinates""=>[-118.49732461, 34.00969102]}, ""place""=>{""id""=>""59612bd882018c51"", ""url""=>""https://api.twitter.com/1.1/geo/id/59612bd882018c51.json"", ""place_type""=>""city"", ""name""=>""Santa Monica"", ""full_name""=>""Santa Monica, CA"", ""country_code""=>""US"", ""country""=>""United States"", ""bounding_box""=>{""type""=>""Polygon"", ""coordinates""=>[[[-118.517358, 33.995177], [-118.517358, 34.050199], [-118.443482, 34.050199], [-118.443482, 33.995177]]]}, ""attributes""=>{}}, ""contributors""=>nil, ""is_quote_status""=>false, ""retweet_count""=>0, ""favorite_count""=>0, ""entities""=>{""hashtags""=>[], ""urls""=>[{""url""=>""https://t.co/ZnTZiV78SZ"", ""expanded_url""=>""https://www.swarmapp.com/c/aetCWWuQcJB"", ""display_url""=>""swarmapp.com/c/aetCWWuQcJB"", ""indices""=>[79, 102]}], ""user_mentions""=>[{""screen_name""=>""BubbaGumpCo"", ""name""=>""BubbaGumpCo"", ""id""=>305158257, ""id_str""=>""305158257"", ""indices""=>[31, 43]}, {""screen_name""=>""perronicrl"", ""name""=>""Carolina"", ""id""=>2942540423, ""id_str""=>""2942540423"", ""indices""=>[67, 78]}], ""symbols""=>[]}, ""favorited""=>false, ""retweeted""=>false, ""possibly_sensitive""=>false, ""filter_level""=>""low"", ""lang""=>""en"", ""timestamp_ms""=>""1462482709820"", ""venue_name""=>""Bubba Gump Shrimp Co. - @bubbagumpco""}"
"{""created_at""=>""Thu May 05 21:11:55 +0000 2016"", ""id""=>728331414157045761, ""id_str""=>""728331414157045761"", ""text""=>""I'm at Hermit Gulch Campground in Avalon, CA "", ""source""=>""<a href=\""http://foursquare.com\"" rel=\""nofollow\"">Foursquare</a>"", ""truncated""=>false, ""in_reply_to_status_id""=>nil, ""in_reply_to_status_id_str""=>nil, ""in_reply_to_user_id""=>nil, ""in_reply_to_user_id_str""=>nil, ""in_reply_to_screen_name""=>nil, ""user""=>{""id""=>71419441, ""id_str""=>""71419441"", ""name""=>""Gage T. Castillo"", ""screen_name""=>""gagecastillo"", ""location""=>""Los Angeles, California"", ""url""=>""http://www.gagecastillo.com"", ""description""=>""Freelance Web Developer and Blogger. Huge #HTML5 advocate #WindowsPhone #Windows10 #MicrosoftEdge #BeautifulCode"", ""protected""=>false, ""verified""=>false, ""followers_count""=>2353, ""friends_count""=>537, ""listed_count""=>39, ""favourites_count""=>508, ""statuses_count""=>15062, ""created_at""=>""Fri Sep 04 01:35:41 +0000 2009"", ""utc_offset""=>-25200, ""time_zone""=>""Pacific Time (US & Canada)"", ""geo_enabled""=>true, ""lang""=>""en"", ""contributors_enabled""=>false, ""is_translator""=>false, ""profile_background_color""=>""1BA1E2"", ""profile_background_image_url""=>""http://pbs.twimg.com/profile_background_images/476486970802462720/6Bul9ViS.png"", ""profile_background_image_url_https""=>""https://pbs.twimg.com/profile_background_images/476486970802462720/6Bul9ViS.png"", ""profile_background_tile""=>false, ""profile_link_color""=>""E6C03D"", ""profile_sidebar_border_color""=>""FFFFFF"", ""profile_sidebar_fill_color""=>""000000"", ""profile_text_color""=>""ADADAD"", ""profile_use_background_image""=>true, ""profile_image_url""=>""http://pbs.twimg.com/profile_images/720864130173784065/KquQOw1S_normal.jpg"", ""profile_image_url_https""=>""https://pbs.twimg.com/profile_images/720864130173784065/KquQOw1S_normal.jpg"", ""profile_banner_url""=>""https://pbs.twimg.com/profile_banners/71419441/1460702337"", ""default_profile""=>false, ""default_profile_image""=>false, ""following""=>nil, ""follow_request_sent""=>nil, ""notifications""=>nil}, ""geo""=>{""type""=>""Point"", ""coordinates""=>[33.329152, -118.339347]}, ""coordinates""=>{""type""=>""Point"", ""coordinates""=>[-118.339347, 33.329152]}, ""place""=>{""id""=>""fbd6d2f5a4e4a15e"", ""url""=>""https://api.twitter.com/1.1/geo/id/fbd6d2f5a4e4a15e.json"", ""place_type""=>""admin"", ""name""=>""California"", ""full_name""=>""California, USA"", ""country_code""=>""US"", ""country""=>""United States"", ""bounding_box""=>{""type""=>""Polygon"", ""coordinates""=>[[[-124.482003, 32.528832], [-124.482003, 42.009519], [-114.131212, 42.009519], [-114.131212, 32.528832]]]}, ""attributes""=>{}}, ""contributors""=>nil, ""is_quote_status""=>false, ""retweet_count""=>0, ""favorite_count""=>0, ""entities""=>{""hashtags""=>[], ""urls""=>[{""url""=>""https://t.co/cMZKAtTrfc"", ""expanded_url""=>""https://www.swarmapp.com/c/4rLubuStmjH"", ""display_url""=>""swarmapp.com/c/4rLubuStmjH"", ""indices""=>[45, 68]}], ""user_mentions""=>[], ""symbols""=>[]}, ""favorited""=>false, ""retweeted""=>false, ""possibly_sensitive""=>false, ""filter_level""=>""low"", ""lang""=>""en"", ""timestamp_ms""=>""1462482715535"", ""venue_name""=>""Hermit Gulch Campground""}"
"{""created_at""=>""Thu May 05 21:12:18 +0000 2016"", ""id""=>728331510135312384, ""id_str""=>""728331510135312384"", ""text""=>""I'm at Flextronics in Austin, TX "", ""source""=>""<a href=\""http://foursquare.com\"" rel=\""nofollow\"">Foursquare</a>"", ""truncated""=>false, ""in_reply_to_status_id""=>nil, ""in_reply_to_status_id_str""=>nil, ""in_reply_to_user_id""=>nil, ""in_reply_to_user_id_str""=>nil, ""in_reply_to_screen_name""=>nil, ""user""=>{""id""=>32277966, ""id_str""=>""32277966"", ""name""=>""Juan Paulo Gómez"", ""screen_name""=>""Juan__pa"", ""location""=>""Guadalajara/Zapopan/El Arenal"", ""url""=>nil, ""description""=>""Remedo de runner. Ingeniebrio. Atlas aunque gane."", ""protected""=>false, ""verified""=>false, ""followers_count""=>172, ""friends_count""=>184, ""listed_count""=>7, ""favourites_count""=>40, ""statuses_count""=>5474, ""created_at""=>""Fri Apr 17 03:05:10 +0000 2009"", ""utc_offset""=>nil, ""time_zone""=>nil, ""geo_enabled""=>true, ""lang""=>""en"", ""contributors_enabled""=>false, ""is_translator""=>false, ""profile_background_color""=>""1A1B1F"", ""profile_background_image_url""=>""http://pbs.twimg.com/profile_background_images/202600860/atlas_1_1024x768.jpg"", ""profile_background_image_url_https""=>""https://pbs.twimg.com/profile_background_images/202600860/atlas_1_1024x768.jpg"", ""profile_background_tile""=>false, ""profile_link_color""=>""2FC2EF"", ""profile_sidebar_border_color""=>""181A1E"", ""profile_sidebar_fill_color""=>""252429"", ""profile_text_color""=>""666666"", ""profile_use_background_image""=>true, ""profile_image_url""=>""http://pbs.twimg.com/profile_images/462327085155880960/xj3rLgnH_normal.jpeg"", ""profile_image_url_https""=>""https://pbs.twimg.com/profile_images/462327085155880960/xj3rLgnH_normal.jpeg"", ""profile_banner_url""=>""https://pbs.twimg.com/profile_banners/32277966/1385319343"", ""default_profile""=>false, ""default_profile_image""=>false, ""following""=>nil, ""follow_request_sent""=>nil, ""notifications""=>nil}, ""geo""=>{""type""=>""Point"", ""coordinates""=>[30.4344887, -97.75347696]}, ""coordinates""=>{""type""=>""Point"", ""coordinates""=>[-97.75347696, 30.4344887]}, ""place""=>{""id""=>""c3f37afa9efcf94b"", ""url""=>""https://api.twitter.com/1.1/geo/id/c3f37afa9efcf94b.json"", ""place_type""=>""city"", ""name""=>""Austin"", ""full_name""=>""Austin, TX"", ""country_code""=>""US"", ""country""=>""United States"", ""bounding_box""=>{""type""=>""Polygon"", ""coordinates""=>[[[-97.928935, 30.127892], [-97.928935, 30.518799], [-97.580513, 30.518799], [-97.580513, 30.127892]]]}, ""attributes""=>{}}, ""contributors""=>nil, ""is_quote_status""=>false, ""retweet_count""=>0, ""favorite_count""=>0, ""entities""=>{""hashtags""=>[], ""urls""=>[{""url""=>""https://t.co/vvTAhtpjl6"", ""expanded_url""=>""https://www.swarmapp.com/c/eSGm6thqlMv"", ""display_url""=>""swarmapp.com/c/eSGm6thqlMv"", ""indices""=>[33, 56]}], ""user_mentions""=>[], ""symbols""=>[]}, ""favorited""=>false, ""retweeted""=>false, ""possibly_sensitive""=>false, ""filter_level""=>""low"", ""lang""=>""en"", ""timestamp_ms""=>""1462482738418"", ""venue_name""=>""Flextronics""}"
"{""created_at""=>""Thu May 05 21:12:21 +0000 2016"", ""id""=>728331521166352384, ""id_str""=>""728331521166352384"", ""text""=>""I'm at San Bruno Towne Center in San Bruno, CA "", ""source""=>""<a href=\""http://foursquare.com\"" rel=\""nofollow\"">Foursquare</a>"", ""truncated""=>false, ""in_reply_to_status_id""=>nil, ""in_reply_to_status_id_str""=>nil, ""in_reply_to_user_id""=>nil, ""in_reply_to_user_id_str""=>nil, ""in_reply_to_screen_name""=>nil, ""user""=>{""id""=>376360447, ""id_str""=>""376360447"", ""name""=>""Dillon"", ""screen_name""=>""Fullypaced15"", ""location""=>""YAY AREA!!"", ""url""=>nil, ""description""=>""I rep the bay. I'm a die hard Star Wars, Niners, Giants, Sharks, Warriors fan."", ""protected""=>false, ""verified""=>false, ""followers_count""=>63, ""friends_count""=>659, ""listed_count""=>40, ""favourites_count""=>10049, ""statuses_count""=>46087, ""created_at""=>""Mon Sep 19 19:07:14 +0000 2011"", ""utc_offset""=>-25200, ""time_zone""=>""Pacific Time (US & Canada)"", ""geo_enabled""=>true, ""lang""=>""en"", ""contributors_enabled""=>false, ""is_translator""=>false, ""profile_background_color""=>""131516"", ""profile_background_image_url""=>""http://abs.twimg.com/images/themes/theme14/bg.gif"", ""profile_background_image_url_https""=>""https://abs.twimg.com/images/themes/theme14/bg.gif"", ""profile_background_tile""=>false, ""profile_link_color""=>""009999"", ""profile_sidebar_border_color""=>""0F0D0F"", ""profile_sidebar_fill_color""=>""0D0C0D"", ""profile_text_color""=>""333333"", ""profile_use_background_image""=>true, ""profile_image_url""=>""http://pbs.twimg.com/profile_images/727217357198778368/pPnm8zgW_normal.jpg"", ""profile_image_url_https""=>""https://pbs.twimg.com/profile_images/727217357198778368/pPnm8zgW_normal.jpg"", ""profile_banner_url""=>""https://pbs.twimg.com/profile_banners/376360447/1460166555"", ""default_profile""=>false, ""default_profile_image""=>false, ""following""=>nil, ""follow_request_sent""=>nil, ""notifications""=>nil}, ""geo""=>{""type""=>""Point"", ""coordinates""=>[37.63968922, -122.42086887]}, ""coordinates""=>{""type""=>""Point"", ""coordinates""=>[-122.42086887, 37.63968922]}, ""place""=>{""id""=>""5358b6f78dd95ef6"", ""url""=>""https://api.twitter.com/1.1/geo/id/5358b6f78dd95ef6.json"", ""place_type""=>""city"", ""name""=>""San Bruno"", ""full_name""=>""San Bruno, CA"", ""country_code""=>""US"", ""country""=>""United States"", ""bounding_box""=>{""type""=>""Polygon"", ""coordinates""=>[[[-122.473595, 37.600909], [-122.473595, 37.641689], [-122.399963, 37.641689], [-122.399963, 37.600909]]]}, ""attributes""=>{}}, ""contributors""=>nil, ""is_quote_status""=>false, ""retweet_count""=>0, ""favorite_count""=>0, ""entities""=>{""hashtags""=>[], ""urls""=>[{""url""=>""https://t.co/xZaoOuBRjv"", ""expanded_url""=>""https://www.swarmapp.com/c/bL4ockgOobA"", ""display_url""=>""swarmapp.com/c/bL4ockgOobA"", ""indices""=>[47, 70]}], ""user_mentions""=>[], ""symbols""=>[]}, ""favorited""=>false, ""retweeted""=>false, ""possibly_sensitive""=>false, ""filter_level""=>""low"", ""lang""=>""en"", ""timestamp_ms""=>""1462482741048"", ""venue_name""=>""San Bruno Towne Center""}"
"{""created_at""=>""Thu May 05 21:12:39 +0000 2016"", ""id""=>728331599725604865, ""id_str""=>""728331599725604865"", ""text""=>""I'm at Belmont Harbor Archery Range in Chicago, IL "", ""source""=>""<a href=\""http://foursquare.com\"" rel=\""nofollow\"">Foursquare</a>"", ""truncated""=>false, ""in_reply_to_status_id""=>nil, ""in_reply_to_status_id_str""=>nil, ""in_reply_to_user_id""=>nil, ""in_reply_to_user_id_str""=>nil, ""in_reply_to_screen_name""=>nil, ""user""=>{""id""=>99156457, ""id_str""=>""99156457"", ""name""=>""John Erick MO"", ""screen_name""=>""jemo630"", ""location""=>""Chicago, Illinois"", ""url""=>""http://www.facebook.com/jemo630"", ""description""=>""ask me, i just might..."", ""protected""=>false, ""verified""=>false, ""followers_count""=>231, ""friends_count""=>1901, ""listed_count""=>5, ""favourites_count""=>3, ""statuses_count""=>1637, ""created_at""=>""Thu Dec 24 19:22:27 +0000 2009"", ""utc_offset""=>-18000, ""time_zone""=>""Central Time (US & Canada)"", ""geo_enabled""=>true, ""lang""=>""en"", ""contributors_enabled""=>false, ""is_translator""=>false, ""profile_background_color""=>""642D8B"", ""profile_background_image_url""=>""http://abs.twimg.com/images/themes/theme10/bg.gif"", ""profile_background_image_url_https""=>""https://abs.twimg.com/images/themes/theme10/bg.gif"", ""profile_background_tile""=>true, ""profile_link_color""=>""FF0000"", ""profile_sidebar_border_color""=>""65B0DA"", ""profile_sidebar_fill_color""=>""7AC3EE"", ""profile_text_color""=>""3D1957"", ""profile_use_background_image""=>true, ""profile_image_url""=>""http://pbs.twimg.com/profile_images/590760792/IMG_0636_normal.JPG"", ""profile_image_url_https""=>""https://pbs.twimg.com/profile_images/590760792/IMG_0636_normal.JPG"", ""default_profile""=>false, ""default_profile_image""=>false, ""following""=>nil, ""follow_request_sent""=>nil, ""notifications""=>nil}, ""geo""=>{""type""=>""Point"", ""coordinates""=>[41.94507337, -87.64114319]}, ""coordinates""=>{""type""=>""Point"", ""coordinates""=>[-87.64114319, 41.94507337]}, ""place""=>{""id""=>""1d9a5370a355ab0c"", ""url""=>""https://api.twitter.com/1.1/geo/id/1d9a5370a355ab0c.json"", ""place_type""=>""city"", ""name""=>""Chicago"", ""full_name""=>""Chicago, IL"", ""country_code""=>""US"", ""country""=>""United States"", ""bounding_box""=>{""type""=>""Polygon"", ""coordinates""=>[[[-87.940033, 41.644102], [-87.940033, 42.023067], [-87.523993, 42.023067], [-87.523993, 41.644102]]]}, ""attributes""=>{}}, ""contributors""=>nil, ""is_quote_status""=>false, ""retweet_count""=>0, ""favorite_count""=>0, ""entities""=>{""hashtags""=>[], ""urls""=>[{""url""=>""https://t.co/mvJVBKnXuN"", ""expanded_url""=>""https://www.swarmapp.com/c/9dmPnVceSNF"", ""display_url""=>""swarmapp.com/c/9dmPnVceSNF"", ""indices""=>[51, 74]}], ""user_mentions""=>[], ""symbols""=>[]}, ""favorited""=>false, ""retweeted""=>false, ""possibly_sensitive""=>false, ""filter_level""=>""low"", ""lang""=>""en"", ""timestamp_ms""=>""1462482759778"", ""venue_name""=>""Belmont Harbor Archery Range""}"
"{""created_at""=>""Thu May 05 21:12:42 +0000 2016"", ""id""=>728331612941864961, ""id_str""=>""728331612941864961"", ""text""=>""I'm at @Lucky in San Bruno, CA "", ""source""=>""<a href=\""http://foursquare.com\"" rel=\""nofollow\"">Foursquare</a>"", ""truncated""=>false, ""in_reply_to_status_id""=>nil, ""in_reply_to_status_id_str""=>nil, ""in_reply_to_user_id""=>nil, ""in_reply_to_user_id_str""=>nil, ""in_reply_to_screen_name""=>nil, ""user""=>{""id""=>376360447, ""id_str""=>""376360447"", ""name""=>""Dillon"", ""screen_name""=>""Fullypaced15"", ""location""=>""YAY AREA!!"", ""url""=>nil, ""description""=>""I rep the bay. I'm a die hard Star Wars, Niners, Giants, Sharks, Warriors fan."", ""protected""=>false, ""verified""=>false, ""followers_count""=>63, ""friends_count""=>659, ""listed_count""=>40, ""favourites_count""=>10049, ""statuses_count""=>46088, ""created_at""=>""Mon Sep 19 19:07:14 +0000 2011"", ""utc_offset""=>-25200, ""time_zone""=>""Pacific Time (US & Canada)"", ""geo_enabled""=>true, ""lang""=>""en"", ""contributors_enabled""=>false, ""is_translator""=>false, ""profile_background_color""=>""131516"", ""profile_background_image_url""=>""http://abs.twimg.com/images/themes/theme14/bg.gif"", ""profile_background_image_url_https""=>""https://abs.twimg.com/images/themes/theme14/bg.gif"", ""profile_background_tile""=>false, ""profile_link_color""=>""009999"", ""profile_sidebar_border_color""=>""0F0D0F"", ""profile_sidebar_fill_color""=>""0D0C0D"", ""profile_text_color""=>""333333"", ""profile_use_background_image""=>true, ""profile_image_url""=>""http://pbs.twimg.com/profile_images/727217357198778368/pPnm8zgW_normal.jpg"", ""profile_image_url_https""=>""https://pbs.twimg.com/profile_images/727217357198778368/pPnm8zgW_normal.jpg"", ""profile_banner_url""=>""https://pbs.twimg.com/profile_banners/376360447/1460166555"", ""default_profile""=>false, ""default_profile_image""=>false, ""following""=>nil, ""follow_request_sent""=>nil, ""notifications""=>nil}, ""geo""=>{""type""=>""Point"", ""coordinates""=>[37.6402524, -122.42205975]}, ""coordinates""=>{""type""=>""Point"", ""coordinates""=>[-122.42205975, 37.6402524]}, ""place""=>{""id""=>""746cc5651750e057"", ""url""=>""https://api.twitter.com/1.1/geo/id/746cc5651750e057.json"", ""place_type""=>""city"", ""name""=>""South San Francisco"", ""full_name""=>""South San Francisco, CA"", ""country_code""=>""US"", ""country""=>""United States"", ""bounding_box""=>{""type""=>""Polygon"", ""coordinates""=>[[[-122.471871, 37.634511], [-122.471871, 37.683086], [-122.374366, 37.683086], [-122.374366, 37.634511]]]}, ""attributes""=>{}}, ""contributors""=>nil, ""is_quote_status""=>false, ""retweet_count""=>0, ""favorite_count""=>0, ""entities""=>{""hashtags""=>[], ""urls""=>[{""url""=>""https://t.co/0upLU4RzU8"", ""expanded_url""=>""https://www.swarmapp.com/c/2Vi5yWbpf4U"", ""display_url""=>""swarmapp.com/c/2Vi5yWbpf4U"", ""indices""=>[31, 54]}], ""user_mentions""=>[{""screen_name""=>""Lucky"", ""name""=>""Lucky Supermarkets"", ""id""=>158414455, ""id_str""=>""158414455"", ""indices""=>[7, 13]}], ""symbols""=>[]}, ""favorited""=>false, ""retweeted""=>false, ""possibly_sensitive""=>false, ""filter_level""=>""low"", ""lang""=>""en"", ""timestamp_ms""=>""1462482762929"", ""venue_name""=>""@Lucky""}"
"{""created_at""=>""Thu May 05 21:12:44 +0000 2016"", ""id""=>728331618226688002, ""id_str""=>""728331618226688002"", ""text""=>""I'm at City of Los Angeles in Los Angeles, CA "", ""source""=>""<a href=\""http://foursquare.com\"" rel=\""nofollow\"">Foursquare</a>"", ""truncated""=>false, ""in_reply_to_status_id""=>nil, ""in_reply_to_status_id_str""=>nil, ""in_reply_to_user_id""=>nil, ""in_reply_to_user_id_str""=>nil, ""in_reply_to_screen_name""=>nil, ""user""=>{""id""=>2237753334, ""id_str""=>""2237753334"", ""name""=>""salih sami yücel"", ""screen_name""=>""salihsyucell"", ""location""=>""Los Angeles, CA"", ""url""=>""http://www.facebook.com/salihsyucell"", ""description""=>""Dilediğin gibi yaşa, muhakkak ki öleceksin. Dilediğini sev, muhakkak ayrılacaksın. Dilediğini yap, onun karşılığını göreceksin. #Hadîs"", ""protected""=>false, ""verified""=>false, ""followers_count""=>1601, ""friends_count""=>4973, ""listed_count""=>1, ""favourites_count""=>1965, ""statuses_count""=>27089, ""created_at""=>""Mon Dec 09 14:45:21 +0000 2013"", ""utc_offset""=>nil, ""time_zone""=>nil, ""geo_enabled""=>true, ""lang""=>""tr"", ""contributors_enabled""=>false, ""is_translator""=>false, ""profile_background_color""=>""C0DEED"", ""profile_background_image_url""=>""http://pbs.twimg.com/profile_background_images/447060732870279168/ZEUPSwC4.jpeg"", ""profile_background_image_url_https""=>""https://pbs.twimg.com/profile_background_images/447060732870279168/ZEUPSwC4.jpeg"", ""profile_background_tile""=>true, ""profile_link_color""=>""0084B4"", ""profile_sidebar_border_color""=>""FFFFFF"", ""profile_sidebar_fill_color""=>""DDEEF6"", ""profile_text_color""=>""333333"", ""profile_use_background_image""=>true, ""profile_image_url""=>""http://pbs.twimg.com/profile_images/706084794921254912/9hScnYUL_normal.jpg"", ""profile_image_url_https""=>""https://pbs.twimg.com/profile_images/706084794921254912/9hScnYUL_normal.jpg"", ""profile_banner_url""=>""https://pbs.twimg.com/profile_banners/2237753334/1399489697"", ""default_profile""=>false, ""default_profile_image""=>false, ""following""=>nil, ""follow_request_sent""=>nil, ""notifications""=>nil}, ""geo""=>{""type""=>""Point"", ""coordinates""=>[34.05337055, -118.24267387]}, ""coordinates""=>{""type""=>""Point"", ""coordinates""=>[-118.24267387, 34.05337055]}, ""place""=>{""id""=>""3b77caf94bfc81fe"", ""url""=>""https://api.twitter.com/1.1/geo/id/3b77caf94bfc81fe.json"", ""place_type""=>""city"", ""name""=>""Los Angeles"", ""full_name""=>""Los Angeles, CA"", ""country_code""=>""US"", ""country""=>""United States"", ""bounding_box""=>{""type""=>""Polygon"", ""coordinates""=>[[[-118.668404, 33.704538], [-118.668404, 34.337041], [-118.155409, 34.337041], [-118.155409, 33.704538]]]}, ""attributes""=>{}}, ""contributors""=>nil, ""is_quote_status""=>false, ""retweet_count""=>0, ""favorite_count""=>0, ""entities""=>{""hashtags""=>[], ""urls""=>[{""url""=>""https://t.co/NaQyVpoHd0"", ""expanded_url""=>""https://www.swarmapp.com/c/j3hWiV35QGs"", ""display_url""=>""swarmapp.com/c/j3hWiV35QGs"", ""indices""=>[46, 69]}], ""user_mentions""=>[], ""symbols""=>[]}, ""favorited""=>false, ""retweeted""=>false, ""possibly_sensitive""=>false, ""filter_level""=>""low"", ""lang""=>""en"", ""timestamp_ms""=>""1462482764189"", ""venue_name""=>""City of Los Angeles""}"
"{""created_at""=>""Thu May 05 21:12:59 +0000 2016"", ""id""=>728331681631965185, ""id_str""=>""728331681631965185"", ""text""=>""I'm at Lincoln Heights in Los Angeles, CA "", ""source""=>""<a href=\""http://foursquare.com\"" rel=\""nofollow\"">Foursquare</a>"", ""truncated""=>false, ""in_reply_to_status_id""=>nil, ""in_reply_to_status_id_str""=>nil, ""in_reply_to_user_id""=>nil, ""in_reply_to_user_id_str""=>nil, ""in_reply_to_screen_name""=>nil, ""user""=>{""id""=>2237753334, ""id_str""=>""2237753334"", ""name""=>""salih sami yücel"", ""screen_name""=>""salihsyucell"", ""location""=>""Los Angeles, CA"", ""url""=>""http://www.facebook.com/salihsyucell"", ""description""=>""Dilediğin gibi yaşa, muhakkak ki öleceksin. Dilediğini sev, muhakkak ayrılacaksın. Dilediğini yap, onun karşılığını göreceksin. #Hadîs"", ""protected""=>false, ""verified""=>false, ""followers_count""=>1601, ""friends_count""=>4973, ""listed_count""=>1, ""favourites_count""=>1965, ""statuses_count""=>27090, ""created_at""=>""Mon Dec 09 14:45:21 +0000 2013"", ""utc_offset""=>nil, ""time_zone""=>nil, ""geo_enabled""=>true, ""lang""=>""tr"", ""contributors_enabled""=>false, ""is_translator""=>false, ""profile_background_color""=>""C0DEED"", ""profile_background_image_url""=>""http://pbs.twimg.com/profile_background_images/447060732870279168/ZEUPSwC4.jpeg"", ""profile_background_image_url_https""=>""https://pbs.twimg.com/profile_background_images/447060732870279168/ZEUPSwC4.jpeg"", ""profile_background_tile""=>true, ""profile_link_color""=>""0084B4"", ""profile_sidebar_border_color""=>""FFFFFF"", ""profile_sidebar_fill_color""=>""DDEEF6"", ""profile_text_color""=>""333333"", ""profile_use_background_image""=>true, ""profile_image_url""=>""http://pbs.twimg.com/profile_images/706084794921254912/9hScnYUL_normal.jpg"", ""profile_image_url_https""=>""https://pbs.twimg.com/profile_images/706084794921254912/9hScnYUL_normal.jpg"", ""profile_banner_url""=>""https://pbs.twimg.com/profile_banners/2237753334/1399489697"", ""default_profile""=>false, ""default_profile_image""=>false, ""following""=>nil, ""follow_request_sent""=>nil, ""notifications""=>nil}, ""geo""=>{""type""=>""Point"", ""coordinates""=>[34.07030869, -118.2161665]}, ""coordinates""=>{""type""=>""Point"", ""coordinates""=>[-118.2161665, 34.07030869]}, ""place""=>{""id""=>""3b77caf94bfc81fe"", ""url""=>""https://api.twitter.com/1.1/geo/id/3b77caf94bfc81fe.json"", ""place_type""=>""city"", ""name""=>""Los Angeles"", ""full_name""=>""Los Angeles, CA"", ""country_code""=>""US"", ""country""=>""United States"", ""bounding_box""=>{""type""=>""Polygon"", ""coordinates""=>[[[-118.668404, 33.704538], [-118.668404, 34.337041], [-118.155409, 34.337041], [-118.155409, 33.704538]]]}, ""attributes""=>{}}, ""contributors""=>nil, ""is_quote_status""=>false, ""retweet_count""=>0, ""favorite_count""=>0, ""entities""=>{""hashtags""=>[], ""urls""=>[{""url""=>""https://t.co/LcNQSBbckA"", ""expanded_url""=>""https://www.swarmapp.com/c/iyWhNCeg4Eg"", ""display_url""=>""swarmapp.com/c/iyWhNCeg4Eg"", ""indices""=>[42, 65]}], ""user_mentions""=>[], ""symbols""=>[]}, ""favorited""=>false, ""retweeted""=>false, ""possibly_sensitive""=>false, ""filter_level""=>""low"", ""lang""=>""en"", ""timestamp_ms""=>""1462482779306"", ""venue_name""=>""Lincoln Heights""}"
"{""created_at""=>""Thu May 05 21:14:13 +0000 2016"", ""id""=>728331991767252993, ""id_str""=>""728331991767252993"", ""text""=>""I'm at Uplift Studios in New York, NY "", ""source""=>""<a href=\""http://foursquare.com\"" rel=\""nofollow\"">Foursquare</a>"", ""truncated""=>false, ""in_reply_to_status_id""=>nil, ""in_reply_to_status_id_str""=>nil, ""in_reply_to_user_id""=>nil, ""in_reply_to_user_id_str""=>nil, ""in_reply_to_screen_name""=>nil, ""user""=>{""id""=>38550510, ""id_str""=>""38550510"", ""name""=>""anniee"", ""screen_name""=>""iiANNIEExD"", ""location""=>nil, ""url""=>nil, ""description""=>""Coffee, make up, pole, and tattoos. Jackson(: Snapchat: iiannieexd"", ""protected""=>false, ""verified""=>false, ""followers_count""=>276, ""friends_count""=>542, ""listed_count""=>14, ""favourites_count""=>1416, ""statuses_count""=>23258, ""created_at""=>""Thu May 07 23:43:39 +0000 2009"", ""utc_offset""=>-14400, ""time_zone""=>""Eastern Time (US & Canada)"", ""geo_enabled""=>true, ""lang""=>""en"", ""contributors_enabled""=>false, ""is_translator""=>false, ""profile_background_color""=>""10100E"", ""profile_background_image_url""=>""http://pbs.twimg.com/profile_background_images/93428910/nvdigitaldelima_twitter.br.jpg"", ""profile_background_image_url_https""=>""https://pbs.twimg.com/profile_background_images/93428910/nvdigitaldelima_twitter.br.jpg"", ""profile_background_tile""=>false, ""profile_link_color""=>""622A2B"", ""profile_sidebar_border_color""=>""10100E"", ""profile_sidebar_fill_color""=>""6A6A62"", ""profile_text_color""=>""10100E"", ""profile_use_background_image""=>true, ""profile_image_url""=>""http://pbs.twimg.com/profile_images/478851103078252544/a0fqerFB_normal.jpeg"", ""profile_image_url_https""=>""https://pbs.twimg.com/profile_images/478851103078252544/a0fqerFB_normal.jpeg"", ""profile_banner_url""=>""https://pbs.twimg.com/profile_banners/38550510/1411426033"", ""default_profile""=>false, ""default_profile_image""=>false, ""following""=>nil, ""follow_request_sent""=>nil, ""notifications""=>nil}, ""geo""=>{""type""=>""Point"", ""coordinates""=>[40.74179464, -73.99053812]}, ""coordinates""=>{""type""=>""Point"", ""coordinates""=>[-73.99053812, 40.74179464]}, ""place""=>{""id""=>""01a9a39529b27f36"", ""url""=>""https://api.twitter.com/1.1/geo/id/01a9a39529b27f36.json"", ""place_type""=>""city"", ""name""=>""Manhattan"", ""full_name""=>""Manhattan, NY"", ""country_code""=>""US"", ""country""=>""United States"", ""bounding_box""=>{""type""=>""Polygon"", ""coordinates""=>[[[-74.026675, 40.683935], [-74.026675, 40.877483], [-73.910408, 40.877483], [-73.910408, 40.683935]]]}, ""attributes""=>{}}, ""contributors""=>nil, ""is_quote_status""=>false, ""retweet_count""=>0, ""favorite_count""=>0, ""entities""=>{""hashtags""=>[], ""urls""=>[{""url""=>""https://t.co/Cfa8sPar5X"", ""expanded_url""=>""https://www.swarmapp.com/c/7yLrc9MlnbQ"", ""display_url""=>""swarmapp.com/c/7yLrc9MlnbQ"", ""indices""=>[38, 61]}], ""user_mentions""=>[], ""symbols""=>[]}, ""favorited""=>false, ""retweeted""=>false, ""possibly_sensitive""=>false, ""filter_level""=>""low"", ""lang""=>""en"", ""timestamp_ms""=>""1462482853248"", ""venue_name""=>""Uplift Studios""}"
"{""created_at""=>""Thu May 05 21:14:16 +0000 2016"", ""id""=>728332005264494593, ""id_str""=>""728332005264494593"", ""text""=>""I'm at @HighLineNyc in New York, NY "", ""source""=>""<a href=\""http://foursquare.com\"" rel=\""nofollow\"">Foursquare</a>"", ""truncated""=>false, ""in_reply_to_status_id""=>nil, ""in_reply_to_status_id_str""=>nil, ""in_reply_to_user_id""=>nil, ""in_reply_to_user_id_str""=>nil, ""in_reply_to_screen_name""=>nil, ""user""=>{""id""=>562818259, ""id_str""=>""562818259"", ""name""=>""Marce López"", ""screen_name""=>""Marce922"", ""location""=>nil, ""url""=>nil, ""description""=>""PUBLICISTA... Amante de los viajes y las redes sociales\n¡DIRECTA Y SIN CENSURA!"", ""protected""=>false, ""verified""=>false, ""followers_count""=>288, ""friends_count""=>525, ""listed_count""=>4, ""favourites_count""=>136, ""statuses_count""=>5614, ""created_at""=>""Wed Apr 25 11:51:09 +0000 2012"", ""utc_offset""=>-14400, ""time_zone""=>""Eastern Time (US & Canada)"", ""geo_enabled""=>true, ""lang""=>""es"", ""contributors_enabled""=>false, ""is_translator""=>false, ""profile_background_color""=>""642D8B"", ""profile_background_image_url""=>""http://abs.twimg.com/images/themes/theme10/bg.gif"", ""profile_background_image_url_https""=>""https://abs.twimg.com/images/themes/theme10/bg.gif"", ""profile_background_tile""=>false, ""profile_link_color""=>""9266CC"", ""profile_sidebar_border_color""=>""65B0DA"", ""profile_sidebar_fill_color""=>""7AC3EE"", ""profile_text_color""=>""3D1957"", ""profile_use_background_image""=>true, ""profile_image_url""=>""http://pbs.twimg.com/profile_images/666984163631898630/7fiFMIqF_normal.jpg"", ""profile_image_url_https""=>""https://pbs.twimg.com/profile_images/666984163631898630/7fiFMIqF_normal.jpg"", ""profile_banner_url""=>""https://pbs.twimg.com/profile_banners/562818259/1446527300"", ""default_profile""=>false, ""default_profile_image""=>false, ""following""=>nil, ""follow_request_sent""=>nil, ""notifications""=>nil}, ""geo""=>{""type""=>""Point"", ""coordinates""=>[40.74332283, -74.0071249]}, ""coordinates""=>{""type""=>""Point"", ""coordinates""=>[-74.0071249, 40.74332283]}, ""place""=>{""id""=>""01a9a39529b27f36"", ""url""=>""https://api.twitter.com/1.1/geo/id/01a9a39529b27f36.json"", ""place_type""=>""city"", ""name""=>""Manhattan"", ""full_name""=>""Manhattan, NY"", ""country_code""=>""US"", ""country""=>""United States"", ""bounding_box""=>{""type""=>""Polygon"", ""coordinates""=>[[[-74.026675, 40.683935], [-74.026675, 40.877483], [-73.910408, 40.877483], [-73.910408, 40.683935]]]}, ""attributes""=>{}}, ""contributors""=>nil, ""is_quote_status""=>false, ""retweet_count""=>0, ""favorite_count""=>0, ""entities""=>{""hashtags""=>[], ""urls""=>[{""url""=>""https://t.co/7aceH6k3dY"", ""expanded_url""=>""https://www.swarmapp.com/c/hs8cmJXNcir"", ""display_url""=>""swarmapp.com/c/hs8cmJXNcir"", ""indices""=>[36, 59]}], ""user_mentions""=>[{""screen_name""=>""highlinenyc"", ""name""=>""High Line"", ""id""=>46751590, ""id_str""=>""46751590"", ""indices""=>[7, 19]}], ""symbols""=>[]}, ""favorited""=>false, ""retweeted""=>false, ""possibly_sensitive""=>false, ""filter_level""=>""low"", ""lang""=>""en"", ""timestamp_ms""=>""1462482856466"", ""venue_name""=>""@HighLineNyc""}"
"{""created_at""=>""Thu May 05 21:14:26 +0000 2016"", ""id""=>728332045395628034, ""id_str""=>""728332045395628034"", ""text""=>""I'm at CEIVA Logic in Burbank, CA "", ""source""=>""<a href=\""http://foursquare.com\"" rel=\""nofollow\"">Foursquare</a>"", ""truncated""=>false, ""in_reply_to_status_id""=>nil, ""in_reply_to_status_id_str""=>nil, ""in_reply_to_user_id""=>nil, ""in_reply_to_user_id_str""=>nil, ""in_reply_to_screen_name""=>nil, ""user""=>{""id""=>17921496, ""id_str""=>""17921496"", ""name""=>""jimsepe"", ""screen_name""=>""jimsepe"", ""location""=>""Los Angeles, CA"", ""url""=>nil, ""description""=>nil, ""protected""=>false, ""verified""=>false, ""followers_count""=>42, ""friends_count""=>55, ""listed_count""=>5, ""favourites_count""=>17, ""statuses_count""=>1030, ""created_at""=>""Sat Dec 06 13:25:49 +0000 2008"", ""utc_offset""=>-25200, ""time_zone""=>""Pacific Time (US & Canada)"", ""geo_enabled""=>true, ""lang""=>""en"", ""contributors_enabled""=>false, ""is_translator""=>false, ""profile_background_color""=>""BADFCD"", ""profile_background_image_url""=>""http://abs.twimg.com/images/themes/theme12/bg.gif"", ""profile_background_image_url_https""=>""https://abs.twimg.com/images/themes/theme12/bg.gif"", ""profile_background_tile""=>false, ""profile_link_color""=>""FF0000"", ""profile_sidebar_border_color""=>""F2E195"", ""profile_sidebar_fill_color""=>""FFF7CC"", ""profile_text_color""=>""0C3E53"", ""profile_use_background_image""=>true, ""profile_image_url""=>""http://pbs.twimg.com/profile_images/66552258/n1002206900_6583_normal.jpg"", ""profile_image_url_https""=>""https://pbs.twimg.com/profile_images/66552258/n1002206900_6583_normal.jpg"", ""profile_banner_url""=>""https://pbs.twimg.com/profile_banners/17921496/1449631025"", ""default_profile""=>false, ""default_profile_image""=>false, ""following""=>nil, ""follow_request_sent""=>nil, ""notifications""=>nil}, ""geo""=>{""type""=>""Point"", ""coordinates""=>[34.18330282, -118.311315]}, ""coordinates""=>{""type""=>""Point"", ""coordinates""=>[-118.311315, 34.18330282]}, ""place""=>{""id""=>""b0b79caecef59fb5"", ""url""=>""https://api.twitter.com/1.1/geo/id/b0b79caecef59fb5.json"", ""place_type""=>""city"", ""name""=>""Burbank"", ""full_name""=>""Burbank, CA"", ""country_code""=>""US"", ""country""=>""United States"", ""bounding_box""=>{""type""=>""Polygon"", ""coordinates""=>[[[-118.37032, 34.14263], [-118.37032, 34.22169], [-118.27997, 34.22169], [-118.27997, 34.14263]]]}, ""attributes""=>{}}, ""contributors""=>nil, ""is_quote_status""=>false, ""retweet_count""=>0, ""favorite_count""=>0, ""entities""=>{""hashtags""=>[], ""urls""=>[{""url""=>""https://t.co/a8iSqXBiw6"", ""expanded_url""=>""https://www.swarmapp.com/c/kBAN1D5K2lp"", ""display_url""=>""swarmapp.com/c/kBAN1D5K2lp"", ""indices""=>[34, 57]}], ""user_mentions""=>[], ""symbols""=>[]}, ""favorited""=>false, ""retweeted""=>false, ""possibly_sensitive""=>false, ""filter_level""=>""low"", ""lang""=>""en"", ""timestamp_ms""=>""1462482866034"", ""venue_name""=>""CEIVA Logic""}"
"{""created_at""=>""Thu May 05 21:15:05 +0000 2016"", ""id""=>728332212240781313, ""id_str""=>""728332212240781313"", ""text""=>""I'm at Upper East Side in New York, NY "", ""source""=>""<a href=\""http://foursquare.com\"" rel=\""nofollow\"">Foursquare</a>"", ""truncated""=>false, ""in_reply_to_status_id""=>nil, ""in_reply_to_status_id_str""=>nil, ""in_reply_to_user_id""=>nil, ""in_reply_to_user_id_str""=>nil, ""in_reply_to_screen_name""=>nil, ""user""=>{""id""=>240710175, ""id_str""=>""240710175"", ""name""=>""Monse Hdz."", ""screen_name""=>""monse_chikilla"", ""location""=>""New York, NY"", ""url""=>nil, ""description""=>""Toda la gloria a nuestro señor Jesucristo ❤️ ~ Regiomontana & New Yorker. UBER CODE: monseh / LYFT CODE: MONSE109077"", ""protected""=>false, ""verified""=>false, ""followers_count""=>251, ""friends_count""=>262, ""listed_count""=>10, ""favourites_count""=>1792, ""statuses_count""=>5895, ""created_at""=>""Thu Jan 20 15:21:55 +0000 2011"", ""utc_offset""=>-18000, ""time_zone""=>""Mexico City"", ""geo_enabled""=>true, ""lang""=>""es"", ""contributors_enabled""=>false, ""is_translator""=>false, ""profile_background_color""=>""131516"", ""profile_background_image_url""=>""http://pbs.twimg.com/profile_background_images/511549748730265600/M66RxyRn.png"", ""profile_background_image_url_https""=>""https://pbs.twimg.com/profile_background_images/511549748730265600/M66RxyRn.png"", ""profile_background_tile""=>false, ""profile_link_color""=>""ABB8C2"", ""profile_sidebar_border_color""=>""FFFFFF"", ""profile_sidebar_fill_color""=>""EFEFEF"", ""profile_text_color""=>""8A1A8A"", ""profile_use_background_image""=>true, ""profile_image_url""=>""http://pbs.twimg.com/profile_images/711616542195101701/IsZUZ65B_normal.jpg"", ""profile_image_url_https""=>""https://pbs.twimg.com/profile_images/711616542195101701/IsZUZ65B_normal.jpg"", ""profile_banner_url""=>""https://pbs.twimg.com/profile_banners/240710175/1452009747"", ""default_profile""=>false, ""default_profile_image""=>false, ""following""=>nil, ""follow_request_sent""=>nil, ""notifications""=>nil}, ""geo""=>{""type""=>""Point"", ""coordinates""=>[40.77371687, -73.95974636]}, ""coordinates""=>{""type""=>""Point"", ""coordinates""=>[-73.95974636, 40.77371687]}, ""place""=>{""id""=>""01a9a39529b27f36"", ""url""=>""https://api.twitter.com/1.1/geo/id/01a9a39529b27f36.json"", ""place_type""=>""city"", ""name""=>""Manhattan"", ""full_name""=>""Manhattan, NY"", ""country_code""=>""US"", ""country""=>""United States"", ""bounding_box""=>{""type""=>""Polygon"", ""coordinates""=>[[[-74.026675, 40.683935], [-74.026675, 40.877483], [-73.910408, 40.877483], [-73.910408, 40.683935]]]}, ""attributes""=>{}}, ""contributors""=>nil, ""is_quote_status""=>false, ""retweet_count""=>0, ""favorite_count""=>0, ""entities""=>{""hashtags""=>[], ""urls""=>[{""url""=>""https://t.co/Gmi7u6JYQQ"", ""expanded_url""=>""https://www.swarmapp.com/c/9C6loocZvUw"", ""display_url""=>""swarmapp.com/c/9C6loocZvUw"", ""indices""=>[39, 62]}], ""user_mentions""=>[], ""symbols""=>[]}, ""favorited""=>false, ""retweeted""=>false, ""possibly_sensitive""=>false, ""filter_level""=>""low"", ""lang""=>""en"", ""timestamp_ms""=>""1462482905813"", ""venue_name""=>""Upper East Side""}"
"{""created_at""=>""Thu May 05 21:15:40 +0000 2016"", ""id""=>728332355937669120, ""id_str""=>""728332355937669120"", ""text""=>""I'm at @LeBernardinNy in New York, NY "", ""source""=>""<a href=\""http://foursquare.com\"" rel=\""nofollow\"">Foursquare</a>"", ""truncated""=>false, ""in_reply_to_status_id""=>nil, ""in_reply_to_status_id_str""=>nil, ""in_reply_to_user_id""=>nil, ""in_reply_to_user_id_str""=>nil, ""in_reply_to_screen_name""=>nil, ""user""=>{""id""=>67179203, ""id_str""=>""67179203"", ""name""=>""カード"", ""screen_name""=>""second_second"", ""location""=>""川崎,品川"", ""url""=>nil, ""description""=>""sales promotion planner & copywriter \nセールスプロモーションプランナー＆コピーライター。\n野球／Baseball／MLB／プロ野球カード／toys／水島新司／フジロック／FUJIROCK／写術／漫才\nInstagram http://instagram.com/2nd_2nd"", ""protected""=>false, ""verified""=>false, ""followers_count""=>405, ""friends_count""=>613, ""listed_count""=>19, ""favourites_count""=>743, ""statuses_count""=>17305, ""created_at""=>""Thu Aug 20 00:54:22 +0000 2009"", ""utc_offset""=>32400, ""time_zone""=>""Tokyo"", ""geo_enabled""=>true, ""lang""=>""ja"", ""contributors_enabled""=>false, ""is_translator""=>false, ""profile_background_color""=>""0099B9"", ""profile_background_image_url""=>""http://pbs.twimg.com/profile_background_images/62405041/sDSC00443.JPG"", ""profile_background_image_url_https""=>""https://pbs.twimg.com/profile_background_images/62405041/sDSC00443.JPG"", ""profile_background_tile""=>false, ""profile_link_color""=>""0099B9"", ""profile_sidebar_border_color""=>""5ED4DC"", ""profile_sidebar_fill_color""=>""95E8EC"", ""profile_text_color""=>""3C3940"", ""profile_use_background_image""=>true, ""profile_image_url""=>""http://pbs.twimg.com/profile_images/1272111294/67179203_normal.jpg"", ""profile_image_url_https""=>""https://pbs.twimg.com/profile_images/1272111294/67179203_normal.jpg"", ""profile_banner_url""=>""https://pbs.twimg.com/profile_banners/67179203/1399740423"", ""default_profile""=>false, ""default_profile_image""=>false, ""following""=>nil, ""follow_request_sent""=>nil, ""notifications""=>nil}, ""geo""=>{""type""=>""Point"", ""coordinates""=>[40.76134707, -73.98186945]}, ""coordinates""=>{""type""=>""Point"", ""coordinates""=>[-73.98186945, 40.76134707]}, ""place""=>{""id""=>""01a9a39529b27f36"", ""url""=>""https://api.twitter.com/1.1/geo/id/01a9a39529b27f36.json"", ""place_type""=>""city"", ""name""=>""Manhattan"", ""full_name""=>""Manhattan, NY"", ""country_code""=>""US"", ""country""=>""United States"", ""bounding_box""=>{""type""=>""Polygon"", ""coordinates""=>[[[-74.026675, 40.683935], [-74.026675, 40.877483], [-73.910408, 40.877483], [-73.910408, 40.683935]]]}, ""attributes""=>{}}, ""contributors""=>nil, ""is_quote_status""=>false, ""retweet_count""=>0, ""favorite_count""=>0, ""entities""=>{""hashtags""=>[], ""urls""=>[{""url""=>""https://t.co/v8oSpDHzDw"", ""expanded_url""=>""https://www.swarmapp.com/c/iJTV44kkpM9"", ""display_url""=>""swarmapp.com/c/iJTV44kkpM9"", ""indices""=>[38, 61]}], ""user_mentions""=>[{""screen_name""=>""LeBernardinNY"", ""name""=>""Le Bernardin"", ""id""=>398967442, ""id_str""=>""398967442"", ""indices""=>[7, 21]}], ""symbols""=>[]}, ""favorited""=>false, ""retweeted""=>false, ""possibly_sensitive""=>false, ""filter_level""=>""low"", ""lang""=>""en"", ""timestamp_ms""=>""1462482940073"", ""venue_name""=>""@LeBernardinNy""}"
"{""created_at""=>""Thu May 05 21:15:55 +0000 2016"", ""id""=>728332418910965760, ""id_str""=>""728332418910965760"", ""text""=>""I'm at Crotona Park - @nycparks in Bronx, NY "", ""source""=>""<a href=\""http://foursquare.com\"" rel=\""nofollow\"">Foursquare</a>"", ""truncated""=>false, ""in_reply_to_status_id""=>nil, ""in_reply_to_status_id_str""=>nil, ""in_reply_to_user_id""=>nil, ""in_reply_to_user_id_str""=>nil, ""in_reply_to_screen_name""=>nil, ""user""=>{""id""=>42026653, ""id_str""=>""42026653"", ""name""=>""M. Kenpachi Edwards"", ""screen_name""=>""TheMario2475"", ""location""=>""Bronx New York "", ""url""=>""http://www.modelmayhem.com/824827"", ""description""=>""http://www.facebook.com/themario2475?ref=profile modeling & fitness are my things. PSN ID IS KINGOFKINGS816 Tumblr: madarazaraki WWE, NBA, AND ANIME FANATIC"", ""protected""=>false, ""verified""=>false, ""followers_count""=>1666, ""friends_count""=>2052, ""listed_count""=>40, ""favourites_count""=>1071, ""statuses_count""=>24038, ""created_at""=>""Sat May 23 13:36:53 +0000 2009"", ""utc_offset""=>-14400, ""time_zone""=>""Eastern Time (US & Canada)"", ""geo_enabled""=>true, ""lang""=>""en"", ""contributors_enabled""=>false, ""is_translator""=>false, ""profile_background_color""=>""9AE4E8"", ""profile_background_image_url""=>""http://pbs.twimg.com/profile_background_images/433277889711050752/o3NXqEOy.jpeg"", ""profile_background_image_url_https""=>""https://pbs.twimg.com/profile_background_images/433277889711050752/o3NXqEOy.jpeg"", ""profile_background_tile""=>true, ""profile_link_color""=>""0084B4"", ""profile_sidebar_border_color""=>""FFFFFF"", ""profile_sidebar_fill_color""=>""DDFFCC"", ""profile_text_color""=>""333333"", ""profile_use_background_image""=>true, ""profile_image_url""=>""http://pbs.twimg.com/profile_images/663434195964948481/_kIe1dU-_normal.jpg"", ""profile_image_url_https""=>""https://pbs.twimg.com/profile_images/663434195964948481/_kIe1dU-_normal.jpg"", ""profile_banner_url""=>""https://pbs.twimg.com/profile_banners/42026653/1447010012"", ""default_profile""=>false, ""default_profile_image""=>false, ""following""=>nil, ""follow_request_sent""=>nil, ""notifications""=>nil}, ""geo""=>{""type""=>""Point"", ""coordinates""=>[40.83796991, -73.89902115]}, ""coordinates""=>{""type""=>""Point"", ""coordinates""=>[-73.89902115, 40.83796991]}, ""place""=>{""id""=>""002e24c6736f069d"", ""url""=>""https://api.twitter.com/1.1/geo/id/002e24c6736f069d.json"", ""place_type""=>""city"", ""name""=>""Bronx"", ""full_name""=>""Bronx, NY"", ""country_code""=>""US"", ""country""=>""United States"", ""bounding_box""=>{""type""=>""Polygon"", ""coordinates""=>[[[-73.933612, 40.785365], [-73.933612, 40.91533], [-73.765271, 40.91533], [-73.765271, 40.785365]]]}, ""attributes""=>{}}, ""contributors""=>nil, ""is_quote_status""=>false, ""retweet_count""=>0, ""favorite_count""=>0, ""entities""=>{""hashtags""=>[], ""urls""=>[{""url""=>""https://t.co/HhM51dWkgp"", ""expanded_url""=>""https://www.swarmapp.com/c/33GNHlcOpEm"", ""display_url""=>""swarmapp.com/c/33GNHlcOpEm"", ""indices""=>[45, 68]}], ""user_mentions""=>[{""screen_name""=>""NYCParks"", ""name""=>""NYC Parks"", ""id""=>30031547, ""id_str""=>""30031547"", ""indices""=>[22, 31]}], ""symbols""=>[]}, ""favorited""=>false, ""retweeted""=>false, ""possibly_sensitive""=>false, ""filter_level""=>""low"", ""lang""=>""en"", ""timestamp_ms""=>""1462482955087"", ""venue_name""=>""Crotona Park - @nycparks""}"
"{""created_at""=>""Thu May 05 21:09:50 +0000 2016"", ""id""=>728330890221256704, ""id_str""=>""728330890221256704"", ""text""=>""I'm at near ripping people's heads off at this job, but here at a record of past 2 years. Can I stay till the perfect moment without murder?"", ""source""=>""<a href=\""http://twitter.com/download/iphone\"" rel=\""nofollow\"">Twitter for iPhone</a>"", ""truncated""=>false, ""in_reply_to_status_id""=>nil, ""in_reply_to_status_id_str""=>nil, ""in_reply_to_user_id""=>nil, ""in_reply_to_user_id_str""=>nil, ""in_reply_to_screen_name""=>nil, ""user""=>{""id""=>193806793, ""id_str""=>""193806793"", ""name""=>""Alexia Ocean"", ""screen_name""=>""alexiaocean"", ""location""=>""traveling endlessly"", ""url""=>nil, ""description""=>""free-spirit, traveler, bad beeatch, fighter, beach, surf, rage, champagne, fun, Italian-blooded Latina. My life is for rent."", ""protected""=>false, ""verified""=>false, ""followers_count""=>86, ""friends_count""=>125, ""listed_count""=>3, ""favourites_count""=>915, ""statuses_count""=>6742, ""created_at""=>""Wed Sep 22 18:31:30 +0000 2010"", ""utc_offset""=>-25200, ""time_zone""=>""Pacific Time (US & Canada)"", ""geo_enabled""=>true, ""lang""=>""en"", ""contributors_enabled""=>false, ""is_translator""=>false, ""profile_background_color""=>""07090B"", ""profile_background_image_url""=>""http://pbs.twimg.com/profile_background_images/345693193/xf4c9d045f4a837f7240ae80d73547da.png"", ""profile_background_image_url_https""=>""https://pbs.twimg.com/profile_background_images/345693193/xf4c9d045f4a837f7240ae80d73547da.png"", ""profile_background_tile""=>true, ""profile_link_color""=>""C34242"", ""profile_sidebar_border_color""=>""BFBFBF"", ""profile_sidebar_fill_color""=>""C9C9C9"", ""profile_text_color""=>""1C1F23"", ""profile_use_background_image""=>true, ""profile_image_url""=>""http://pbs.twimg.com/profile_images/378800000076969377/477b27c60f745f7a3404f2b06b51eddd_normal.jpeg"", ""profile_image_url_https""=>""https://pbs.twimg.com/profile_images/378800000076969377/477b27c60f745f7a3404f2b06b51eddd_normal.jpeg"", ""profile_banner_url""=>""https://pbs.twimg.com/profile_banners/193806793/1372757053"", ""default_profile""=>false, ""default_profile_image""=>false, ""following""=>nil, ""follow_request_sent""=>nil, ""notifications""=>nil}, ""geo""=>nil, ""coordinates""=>nil, ""place""=>{""id""=>""3b77caf94bfc81fe"", ""url""=>""https://api.twitter.com/1.1/geo/id/3b77caf94bfc81fe.json"", ""place_type""=>""city"", ""name""=>""Los Angeles"", ""full_name""=>""Los Angeles, CA"", ""country_code""=>""US"", ""country""=>""United States"", ""bounding_box""=>{""type""=>""Polygon"", ""coordinates""=>[[[-118.668404, 33.704538], [-118.668404, 34.337041], [-118.155409, 34.337041], [-118.155409, 33.704538]]]}, ""attributes""=>{}}, ""contributors""=>nil, ""is_quote_status""=>false, ""retweet_count""=>0, ""favorite_count""=>0, ""entities""=>{""hashtags""=>[], ""urls""=>[], ""user_mentions""=>[], ""symbols""=>[]}, ""favorited""=>false, ""retweeted""=>false, ""filter_level""=>""low"", ""lang""=>""en"", ""timestamp_ms""=>""1462482590619""}"
